Company_Name	Industry	Symbol	Series	ISIN_Code
360_ONE_WAM_Ltd.	Financial_Services	360ONE	EQ	INE466L01038
3M_India_Ltd.	Diversified	3MINDIA	EQ	INE470A01017
ABB_India_Ltd.	Capital_Goods	ABB	EQ	INE117A01022
ACC_Ltd.	Construction_Materials	ACC	EQ	INE012A01025
AIA_Engineering_Ltd.	Capital_Goods	AIAENG	EQ	INE212H01026
APL_Apollo_Tubes_Ltd.	Capital_Goods	APLAPOLLO	EQ	INE702C01027
AU_Small_Finance_Bank_Ltd.	Financial_Services	AUBANK	EQ	INE949L01017
Aarti_Industries_Ltd.	Chemicals	AARTIIND	EQ	INE769A01020
Aavas_Financiers_Ltd.	Financial_Services	AAVAS	EQ	INE216P01012
Abbott_India_Ltd.	Healthcare	ABBOTINDIA	EQ	INE358A01014
Action_Construction_Equipment_Ltd.	Capital_Goods	ACE	EQ	INE731H01025
Adani_Energy_Solutions_Ltd.	Power	ADANIENSOL	EQ	INE931S01010
Adani_Enterprises_Ltd.	Metals_&_Mining	ADANIENT	EQ	INE423A01024
Adani_Green_Energy_Ltd.	Power	ADANIGREEN	EQ	INE364U01010
Adani_Ports_and_Special_Economic_Zone_Ltd.	Services	ADANIPORTS	EQ	INE742F01042
Adani_Power_Ltd.	Power	ADANIPOWER	EQ	INE814H01011
Adani_Total_Gas_Ltd.	Oil_Gas_&_Consumable_Fuels	ATGL	EQ	INE399L01023
Adani_Wilmar_Ltd.	Fast_Moving_Consumer_Goods	AWL	EQ	INE699H01024
Aditya_Birla_Capital_Ltd.	Financial_Services	ABCAPITAL	EQ	INE674K01013
Aditya_Birla_Fashion_and_Retail_Ltd.	Consumer_Services	ABFRL	EQ	INE647O01011
Aegis_Logistics_Ltd.	Oil_Gas_&_Consumable_Fuels	AEGISLOG	EQ	INE208C01025
Aether_Industries_Ltd.	Chemicals	AETHER	EQ	INE0BWX01014
Affle_(India)_Ltd.	Information_Technology	AFFLE	EQ	INE00WC01027
Ajanta_Pharmaceuticals_Ltd.	Healthcare	AJANTPHARM	EQ	INE031B01049
Alembic_Pharmaceuticals_Ltd.	Healthcare	APLLTD	EQ	INE901L01018
Alkem_Laboratories_Ltd.	Healthcare	ALKEM	EQ	INE540L01014
Alkyl_Amines_Chemicals_Ltd.	Chemicals	ALKYLAMINE	EQ	INE150B01039
Allcargo_Logistics_Ltd.	Services	ALLCARGO	EQ	INE418H01029
Alok_Industries_Ltd.	Textiles	ALOKINDS	EQ	INE270A01029
Amara_Raja_Energy_&_Mobility_Ltd.	Automobile_and_Auto_Components	ARE&M	EQ	INE885A01032
Amber_Enterprises_India_Ltd.	Consumer_Durables	AMBER	EQ	INE371P01015
Ambuja_Cements_Ltd.	Construction_Materials	AMBUJACEM	EQ	INE079A01024
Anand_Rathi_Wealth_Ltd.	Financial_Services	ANANDRATHI	EQ	INE463V01026
Angel_One_Ltd.	Financial_Services	ANGELONE	EQ	INE732I01013
Anupam_Rasayan_India_Ltd.	Chemicals	ANURAS	EQ	INE930P01018
Apar_Industries_Ltd.	Capital_Goods	APARINDS	EQ	INE372A01015
Apollo_Hospitals_Enterprise_Ltd.	Healthcare	APOLLOHOSP	EQ	INE437A01024
Apollo_Tyres_Ltd.	Automobile_and_Auto_Components	APOLLOTYRE	EQ	INE438A01022
Aptus_Value_Housing_Finance_India_Ltd.	Financial_Services	APTUS	EQ	INE852O01025
Archean_Chemical_Industries_Ltd.	Chemicals	ACI	EQ	INE128X01021
Asahi_India_Glass_Ltd.	Automobile_and_Auto_Components	ASAHIINDIA	EQ	INE439A01020
Ashok_Leyland_Ltd.	Capital_Goods	ASHOKLEY	EQ	INE208A01029
Asian_Paints_Ltd.	Consumer_Durables	ASIANPAINT	EQ	INE021A01026
Aster_DM_Healthcare_Ltd.	Healthcare	ASTERDM	EQ	INE914M01019
AstraZenca_Pharma_India_Ltd.	Healthcare	ASTRAZEN	EQ	INE203A01020
Astral_Ltd.	Capital_Goods	ASTRAL	EQ	INE006I01046
Atul_Ltd.	Chemicals	ATUL	EQ	INE100A01010
Aurobindo_Pharma_Ltd.	Healthcare	AUROPHARMA	EQ	INE406A01037
Avanti_Feeds_Ltd.	Fast_Moving_Consumer_Goods	AVANTIFEED	EQ	INE871C01038
Avenue_Supermarts_Ltd.	Consumer_Services	DMART	EQ	INE192R01011
Axis_Bank_Ltd.	Financial_Services	AXISBANK	EQ	INE238A01034
BEML_Ltd.	Capital_Goods	BEML	EQ	INE258A01016
BLS_International_Services_Ltd.	Consumer_Services	BLS	EQ	INE153T01027
BSE_Ltd.	Financial_Services	BSE	EQ	INE118H01025
Bajaj_Auto_Ltd.	Automobile_and_Auto_Components	BAJAJ-AUTO	EQ	INE917I01010
Bajaj_Finance_Ltd.	Financial_Services	BAJFINANCE	EQ	INE296A01024
Bajaj_Finserv_Ltd.	Financial_Services	BAJAJFINSV	EQ	INE918I01026
Bajaj_Holdings_&_Investment_Ltd.	Financial_Services	BAJAJHLDNG	EQ	INE118A01012
Balaji_Amines_Ltd.	Chemicals	BALAMINES	EQ	INE050E01027
Balkrishna_Industries_Ltd.	Automobile_and_Auto_Components	BALKRISIND	EQ	INE787D01026
Balrampur_Chini_Mills_Ltd.	Fast_Moving_Consumer_Goods	BALRAMCHIN	EQ	INE119A01028
Bandhan_Bank_Ltd.	Financial_Services	BANDHANBNK	EQ	INE545U01014
Bank_of_Baroda	Financial_Services	BANKBARODA	EQ	INE028A01039
Bank_of_India	Financial_Services	BANKINDIA	EQ	INE084A01016
Bank_of_Maharashtra	Financial_Services	MAHABANK	EQ	INE457A01014
Bata_India_Ltd.	Consumer_Durables	BATAINDIA	EQ	INE176A01028
Bayer_Cropscience_Ltd.	Chemicals	BAYERCROP	EQ	INE462A01022
Berger_Paints_India_Ltd.	Consumer_Durables	BERGEPAINT	EQ	INE463A01038
Bharat_Dynamics_Ltd.	Capital_Goods	BDL	EQ	INE171Z01026
Bharat_Electronics_Ltd.	Capital_Goods	BEL	EQ	INE263A01024
Bharat_Forge_Ltd.	Automobile_and_Auto_Components	BHARATFORG	EQ	INE465A01025
Bharat_Heavy_Electricals_Ltd.	Capital_Goods	BHEL	EQ	INE257A01026
Bharat_Petroleum_Corporation_Ltd.	Oil_Gas_&_Consumable_Fuels	BPCL	EQ	INE029A01011
Bharti_Airtel_Ltd.	Telecommunication	BHARTIARTL	EQ	INE397D01024
Bikaji_Foods_International_Ltd.	Fast_Moving_Consumer_Goods	BIKAJI	EQ	INE00E101023
Biocon_Ltd.	Healthcare	BIOCON	EQ	INE376G01013
Birla_Corporation_Ltd.	Construction_Materials	BIRLACORPN	EQ	INE340A01012
Birlasoft_Ltd.	Information_Technology	BSOFT	EQ	INE836A01035
Blue_Dart_Express_Ltd.	Services	BLUEDART	EQ	INE233B01017
Blue_Star_Ltd.	Consumer_Durables	BLUESTARCO	EQ	INE472A01039
Bombay_Burmah_Trading_Corporation_Ltd.	Fast_Moving_Consumer_Goods	BBTC	EQ	INE050A01025
Borosil_Renewables_Ltd.	Capital_Goods	BORORENEW	EQ	INE666D01022
Bosch_Ltd.	Automobile_and_Auto_Components	BOSCHLTD	EQ	INE323A01026
Brigade_Enterprises_Ltd.	Realty	BRIGADE	EQ	INE791I01019
Britannia_Industries_Ltd.	Fast_Moving_Consumer_Goods	BRITANNIA	EQ	INE216A01030
C.E._Info_Systems_Ltd.	Information_Technology	MAPMYINDIA	EQ	INE0BV301023
CCL_Products_(I)_Ltd.	Fast_Moving_Consumer_Goods	CCL	EQ	INE421D01022
CESC_Ltd.	Power	CESC	EQ	INE486A01021
CG_Power_and_Industrial_Solutions_Ltd.	Capital_Goods	CGPOWER	EQ	INE067A01029
CIE_Automotive_India_Ltd.	Automobile_and_Auto_Components	CIEINDIA	EQ	INE536H01010
CRISIL_Ltd.	Financial_Services	CRISIL	EQ	INE007A01025
CSB_Bank_Ltd.	Financial_Services	CSBBANK	EQ	INE679A01013
Campus_Activewear_Ltd.	Consumer_Durables	CAMPUS	EQ	INE278Y01022
Can_Fin_Homes_Ltd.	Financial_Services	CANFINHOME	EQ	INE477A01020
Canara_Bank	Financial_Services	CANBK	EQ	INE476A01022
Caplin_Point_Laboratories_Ltd.	Healthcare	CAPLIPOINT	EQ	INE475E01026
Capri_Global_Capital_Ltd.	Financial_Services	CGCL	EQ	INE180C01042
Carborundum_Universal_Ltd.	Capital_Goods	CARBORUNIV	EQ	INE120A01034
Castrol_India_Ltd.	Oil_Gas_&_Consumable_Fuels	CASTROLIND	EQ	INE172A01027
Ceat_Ltd.	Automobile_and_Auto_Components	CEATLTD	EQ	INE482A01020
Cello_World_Ltd.	Consumer_Durables	CELLO	EQ	INE0LMW01024
Central_Bank_of_India	Financial_Services	CENTRALBK	EQ	INE483A01010
Central_Depository_Services_(India)_Ltd.	Financial_Services	CDSL	EQ	INE736A01011
Century_Plyboards_(India)_Ltd.	Consumer_Durables	CENTURYPLY	EQ	INE348B01021
Century_Textile_&_Industries_Ltd.	Forest_Materials	CENTURYTEX	EQ	INE055A01016
Cera_Sanitaryware_Ltd	Consumer_Durables	CERA	EQ	INE739E01017
Chalet_Hotels_Ltd.	Consumer_Services	CHALET	EQ	INE427F01016
Chambal_Fertilizers_&_Chemicals_Ltd.	Chemicals	CHAMBLFERT	EQ	INE085A01013
Chemplast_Sanmar_Ltd.	Chemicals	CHEMPLASTS	EQ	INE488A01050
Chennai_Petroleum_Corporation_Ltd.	Oil_Gas_&_Consumable_Fuels	CHENNPETRO	EQ	INE178A01016
Cholamandalam_Financial_Holdings_Ltd.	Financial_Services	CHOLAHLDNG	EQ	INE149A01033
Cholamandalam_Investment_and_Finance_Company_Ltd.	Financial_Services	CHOLAFIN	EQ	INE121A01024
Cipla_Ltd.	Healthcare	CIPLA	EQ	INE059A01026
City_Union_Bank_Ltd.	Financial_Services	CUB	EQ	INE491A01021
Clean_Science_and_Technology_Ltd.	Chemicals	CLEAN	EQ	INE227W01023
Coal_India_Ltd.	Oil_Gas_&_Consumable_Fuels	COALINDIA	EQ	INE522F01014
Cochin_Shipyard_Ltd.	Capital_Goods	COCHINSHIP	EQ	INE704P01025
Coforge_Ltd.	Information_Technology	COFORGE	EQ	INE591G01017
Colgate_Palmolive_(India)_Ltd.	Fast_Moving_Consumer_Goods	COLPAL	EQ	INE259A01022
Computer_Age_Management_Services_Ltd.	Financial_Services	CAMS	EQ	INE596I01012
Concord_Biotech_Ltd.	Healthcare	CONCORDBIO	EQ	INE338H01029
Container_Corporation_of_India_Ltd.	Services	CONCOR	EQ	INE111A01025
Coromandel_International_Ltd.	Chemicals	COROMANDEL	EQ	INE169A01031
Craftsman_Automation_Ltd.	Automobile_and_Auto_Components	CRAFTSMAN	EQ	INE00LO01017
CreditAccess_Grameen_Ltd.	Financial_Services	CREDITACC	EQ	INE741K01010
Crompton_Greaves_Consumer_Electricals_Ltd.	Consumer_Durables	CROMPTON	EQ	INE299U01018
Cummins_India_Ltd.	Capital_Goods	CUMMINSIND	EQ	INE298A01020
Cyient_Ltd.	Information_Technology	CYIENT	EQ	INE136B01020
DCM_Shriram_Ltd.	Diversified	DCMSHRIRAM	EQ	INE499A01024
DLF_Ltd.	Realty	DLF	EQ	INE271C01023
DOMS_Industries_Ltd.	Fast_Moving_Consumer_Goods	DOMS	EQ	INE321T01012
Dabur_India_Ltd.	Fast_Moving_Consumer_Goods	DABUR	EQ	INE016A01026
Dalmia_Bharat_Ltd.	Construction_Materials	DALBHARAT	EQ	INE00R701025
Data_Patterns_(India)_Ltd.	Capital_Goods	DATAPATTNS	EQ	INE0IX101010
Deepak_Fertilisers_&_Petrochemicals_Corp._Ltd.	Chemicals	DEEPAKFERT	EQ	INE501A01019
Deepak_Nitrite_Ltd.	Chemicals	DEEPAKNTR	EQ	INE288B01029
Delhivery_Ltd.	Services	DELHIVERY	EQ	INE148O01028
Devyani_International_Ltd.	Consumer_Services	DEVYANI	EQ	INE872J01023
Divi's_Laboratories_Ltd.	Healthcare	DIVISLAB	EQ	INE361B01024
Dixon_Technologies_(India)_Ltd.	Consumer_Durables	DIXON	EQ	INE935N01020
Dr._Lal_Path_Labs_Ltd.	Healthcare	LALPATHLAB	EQ	INE600L01024
Dr._Reddy's_Laboratories_Ltd.	Healthcare	DRREDDY	EQ	INE089A01023
Dummy_Raymond_Ltd.	Textiles	DUMMYRAYMD	BE	DUM301A01014
Dummy_Sanofi_India_Ltd.	Healthcare	DUMMYSANOF	BE	DUM058A01010
E.I.D._Parry_(India)_Ltd.	Chemicals	EIDPARRY	EQ	INE126A01031
EIH_Ltd.	Consumer_Services	EIHOTEL	EQ	INE230A01023
EPL_Ltd.	Capital_Goods	EPL	EQ	INE255A01020
Easy_Trip_Planners_Ltd.	Consumer_Services	EASEMYTRIP	EQ	INE07O001026
Eicher_Motors_Ltd.	Automobile_and_Auto_Components	EICHERMOT	EQ	INE066A01021
Elecon_Engineering_Co._Ltd.	Capital_Goods	ELECON	EQ	INE205B01031
Elgi_Equipments_Ltd.	Capital_Goods	ELGIEQUIP	EQ	INE285A01027
Emami_Ltd.	Fast_Moving_Consumer_Goods	EMAMILTD	EQ	INE548C01032
Endurance_Technologies_Ltd.	Automobile_and_Auto_Components	ENDURANCE	EQ	INE913H01037
Engineers_India_Ltd.	Construction	ENGINERSIN	EQ	INE510A01028
Equitas_Small_Finance_Bank_Ltd.	Financial_Services	EQUITASBNK	EQ	INE063P01018
Eris_Lifesciences_Ltd.	Healthcare	ERIS	EQ	INE406M01024
Escorts_Kubota_Ltd.	Capital_Goods	ESCORTS	EQ	INE042A01014
Exide_Industries_Ltd.	Automobile_and_Auto_Components	EXIDEIND	EQ	INE302A01020
FDC_Ltd.	Healthcare	FDC	EQ	INE258B01022
FSN_E-Commerce_Ventures_Ltd.	Consumer_Services	NYKAA	EQ	INE388Y01029
Federal_Bank_Ltd.	Financial_Services	FEDERALBNK	EQ	INE171A01029
Fertilisers_and_Chemicals_Travancore_Ltd.	Chemicals	FACT	EQ	INE188A01015
Fine_Organic_Industries_Ltd.	Chemicals	FINEORG	EQ	INE686Y01026
Finolex_Cables_Ltd.	Capital_Goods	FINCABLES	EQ	INE235A01022
Finolex_Industries_Ltd.	Capital_Goods	FINPIPE	EQ	INE183A01024
Firstsource_Solutions_Ltd.	Services	FSL	EQ	INE684F01012
Five-Star_Business_Finance_Ltd.	Financial_Services	FIVESTAR	EQ	INE128S01021
Fortis_Healthcare_Ltd.	Healthcare	FORTIS	EQ	INE061F01013
GAIL_(India)_Ltd.	Oil_Gas_&_Consumable_Fuels	GAIL	EQ	INE129A01019
GMM_Pfaudler_Ltd.	Capital_Goods	GMMPFAUDLR	EQ	INE541A01023
GMR_Airports_Infrastructure_Ltd.	Services	GMRINFRA	EQ	INE776C01039
Garden_Reach_Shipbuilders_&_Engineers_Ltd.	Capital_Goods	GRSE	EQ	INE382Z01011
General_Insurance_Corporation_of_India	Financial_Services	GICRE	EQ	INE481Y01014
Gillette_India_Ltd.	Fast_Moving_Consumer_Goods	GILLETTE	EQ	INE322A01010
Gland_Pharma_Ltd.	Healthcare	GLAND	EQ	INE068V01023
Glaxosmithkline_Pharmaceuticals_Ltd.	Healthcare	GLAXO	EQ	INE159A01016
Glenmark_Life_Sciences_Ltd.	Healthcare	GLS	EQ	INE03Q201024
Glenmark_Pharmaceuticals_Ltd.	Healthcare	GLENMARK	EQ	INE935A01035
Global_Health_Ltd.	Healthcare	MEDANTA	EQ	INE474Q01031
Godawari_Power_&_Ispat_Ltd.	Capital_Goods	GPIL	EQ	INE177H01021
Godfrey_Phillips_India_Ltd.	Fast_Moving_Consumer_Goods	GODFRYPHLP	EQ	INE260B01028
Godrej_Consumer_Products_Ltd.	Fast_Moving_Consumer_Goods	GODREJCP	EQ	INE102D01028
Godrej_Industries_Ltd.	Diversified	GODREJIND	EQ	INE233A01035
Godrej_Properties_Ltd.	Realty	GODREJPROP	EQ	INE484J01027
Granules_India_Ltd.	Healthcare	GRANULES	EQ	INE101D01020
Graphite_India_Ltd.	Capital_Goods	GRAPHITE	EQ	INE371A01025
Grasim_Industries_Ltd.	Construction_Materials	GRASIM	EQ	INE047A01021
Great_Eastern_Shipping_Co._Ltd.	Services	GESHIP	EQ	INE017A01032
Grindwell_Norton_Ltd.	Capital_Goods	GRINDWELL	EQ	INE536A01023
Gujarat_Ambuja_Exports_Ltd.	Fast_Moving_Consumer_Goods	GAEL	EQ	INE036B01030
Gujarat_Fluorochemicals_Ltd.	Chemicals	FLUOROCHEM	EQ	INE09N301011
Gujarat_Gas_Ltd.	Oil_Gas_&_Consumable_Fuels	GUJGASLTD	EQ	INE844O01030
Gujarat_Mineral_Development_Corporation_Ltd.	Metals_&_Mining	GMDCLTD	EQ	INE131A01031
Gujarat_Narmada_Valley_Fertilizers_and_Chemicals_Ltd.	Chemicals	GNFC	EQ	INE113A01013
Gujarat_Pipavav_Port_Ltd.	Services	GPPL	EQ	INE517F01014
Gujarat_State_Fertilizers_&_Chemicals_Ltd.	Chemicals	GSFC	EQ	INE026A01025
Gujarat_State_Petronet_Ltd.	Oil_Gas_&_Consumable_Fuels	GSPL	EQ	INE246F01010
H.E.G._Ltd.	Capital_Goods	HEG	EQ	INE545A01016
HBL_Power_Systems_Ltd.	Automobile_and_Auto_Components	HBLPOWER	EQ	INE292B01021
HCL_Technologies_Ltd.	Information_Technology	HCLTECH	EQ	INE860A01027
HDFC_Asset_Management_Company_Ltd.	Financial_Services	HDFCAMC	EQ	INE127D01025
HDFC_Bank_Ltd.	Financial_Services	HDFCBANK	EQ	INE040A01034
HDFC_Life_Insurance_Company_Ltd.	Financial_Services	HDFCLIFE	EQ	INE795G01014
HFCL_Ltd.	Telecommunication	HFCL	EQ	INE548A01028
Happiest_Minds_Technologies_Ltd.	Information_Technology	HAPPSTMNDS	EQ	INE419U01012
Happy_Forgings_Ltd.	Capital_Goods	HAPPYFORGE	EQ	INE330T01021
Havells_India_Ltd.	Consumer_Durables	HAVELLS	EQ	INE176B01034
Hero_MotoCorp_Ltd.	Automobile_and_Auto_Components	HEROMOTOCO	EQ	INE158A01026
Himadri_Speciality_Chemical_Ltd.	Chemicals	HSCL	EQ	INE019C01026
Hindalco_Industries_Ltd.	Metals_&_Mining	HINDALCO	EQ	INE038A01020
Hindustan_Aeronautics_Ltd.	Capital_Goods	HAL	EQ	INE066F01020
Hindustan_Copper_Ltd.	Metals_&_Mining	HINDCOPPER	EQ	INE531E01026
Hindustan_Petroleum_Corporation_Ltd.	Oil_Gas_&_Consumable_Fuels	HINDPETRO	EQ	INE094A01015
Hindustan_Unilever_Ltd.	Fast_Moving_Consumer_Goods	HINDUNILVR	EQ	INE030A01027
Hindustan_Zinc_Ltd.	Metals_&_Mining	HINDZINC	EQ	INE267A01025
Hitachi_Energy_India_Ltd.	Capital_Goods	POWERINDIA	EQ	INE07Y701011
Home_First_Finance_Company_India_Ltd.	Financial_Services	HOMEFIRST	EQ	INE481N01025
Honasa_Consumer_Ltd.	Fast_Moving_Consumer_Goods	HONASA	EQ	INE0J5401028
Honeywell_Automation_India_Ltd.	Capital_Goods	HONAUT	EQ	INE671A01010
Housing_&_Urban_Development_Corporation_Ltd.	Financial_Services	HUDCO	EQ	INE031A01017
ICICI_Bank_Ltd.	Financial_Services	ICICIBANK	EQ	INE090A01021
ICICI_Lombard_General_Insurance_Company_Ltd.	Financial_Services	ICICIGI	EQ	INE765G01017
ICICI_Prudential_Life_Insurance_Company_Ltd.	Financial_Services	ICICIPRULI	EQ	INE726G01019
ICICI_Securities_Ltd.	Financial_Services	ISEC	EQ	INE763G01038
IDBI_Bank_Ltd.	Financial_Services	IDBI	EQ	INE008A01015
IDFC_First_Bank_Ltd.	Financial_Services	IDFCFIRSTB	EQ	INE092T01019
IDFC_Ltd.	Financial_Services	IDFC	EQ	INE043D01016
IIFL_Finance_Ltd.	Financial_Services	IIFL	EQ	INE530B01024
IRB_Infrastructure_Developers_Ltd.	Construction	IRB	EQ	INE821I01022
IRCON_International_Ltd.	Construction	IRCON	EQ	INE962Y01021
ITC_Ltd.	Fast_Moving_Consumer_Goods	ITC	EQ	INE154A01025
ITI_Ltd.	Telecommunication	ITI	EQ	INE248A01017
India_Cements_Ltd.	Construction_Materials	INDIACEM	EQ	INE383A01012
Indiamart_Intermesh_Ltd.	Consumer_Services	INDIAMART	EQ	INE933S01016
Indian_Bank	Financial_Services	INDIANB	EQ	INE562A01011
Indian_Energy_Exchange_Ltd.	Financial_Services	IEX	EQ	INE022Q01020
Indian_Hotels_Co._Ltd.	Consumer_Services	INDHOTEL	EQ	INE053A01029
Indian_Oil_Corporation_Ltd.	Oil_Gas_&_Consumable_Fuels	IOC	EQ	INE242A01010
Indian_Overseas_Bank	Financial_Services	IOB	EQ	INE565A01014
Indian_Railway_Catering_And_Tourism_Corporation_Ltd.	Consumer_Services	IRCTC	EQ	INE335Y01020
Indian_Railway_Finance_Corporation_Ltd.	Financial_Services	IRFC	EQ	INE053F01010
Indigo_Paints_Ltd.	Consumer_Durables	INDIGOPNTS	EQ	INE09VQ01012
Indraprastha_Gas_Ltd.	Oil_Gas_&_Consumable_Fuels	IGL	EQ	INE203G01027
Indus_Towers_Ltd.	Telecommunication	INDUSTOWER	EQ	INE121J01017
IndusInd_Bank_Ltd.	Financial_Services	INDUSINDBK	EQ	INE095A01012
Info_Edge_(India)_Ltd.	Consumer_Services	NAUKRI	EQ	INE663F01024
Infosys_Ltd.	Information_Technology	INFY	EQ	INE009A01021
Inox_Wind_Ltd.	Capital_Goods	INOXWIND	EQ	INE066P01011
Intellect_Design_Arena_Ltd.	Information_Technology	INTELLECT	EQ	INE306R01017
InterGlobe_Aviation_Ltd.	Services	INDIGO	EQ	INE646L01027
Ipca_Laboratories_Ltd.	Healthcare	IPCALAB	EQ	INE571A01038
J.B._Chemicals_&_Pharmaceuticals_Ltd.	Healthcare	JBCHEPHARM	EQ	INE572A01036
J.K._Cement_Ltd.	Construction_Materials	JKCEMENT	EQ	INE823G01014
JBM_Auto_Ltd.	Automobile_and_Auto_Components	JBMA	EQ	INE927D01044
JK_Lakshmi_Cement_Ltd.	Construction_Materials	JKLAKSHMI	EQ	INE786A01032
JK_Paper_Ltd.	Forest_Materials	JKPAPER	EQ	INE789E01012
JM_Financial_Ltd.	Financial_Services	JMFINANCIL	EQ	INE780C01023
JSW_Energy_Ltd.	Power	JSWENERGY	EQ	INE121E01018
JSW_Infrastructure_Ltd.	Services	JSWINFRA	EQ	INE880J01026
JSW_Steel_Ltd.	Metals_&_Mining	JSWSTEEL	EQ	INE019A01038
Jai_Balaji_Industries_Ltd.	Metals_&_Mining	JAIBALAJI	BE	INE091G01018
Jammu_&_Kashmir_Bank_Ltd.	Financial_Services	J&KBANK	EQ	INE168A01041
Jindal_Saw_Ltd.	Capital_Goods	JINDALSAW	EQ	INE324A01024
Jindal_Stainless_Ltd.	Metals_&_Mining	JSL	EQ	INE220G01021
Jindal_Steel_&_Power_Ltd.	Metals_&_Mining	JINDALSTEL	EQ	INE749A01030
Jio_Financial_Services_Ltd.	Financial_Services	JIOFIN	EQ	INE758E01017
Jubilant_Foodworks_Ltd.	Consumer_Services	JUBLFOOD	EQ	INE797F01020
Jubilant_Ingrevia_Ltd.	Chemicals	JUBLINGREA	EQ	INE0BY001018
Jubilant_Pharmova_Ltd.	Healthcare	JUBLPHARMA	EQ	INE700A01033
Jupiter_Wagons_Ltd.	Capital_Goods	JWL	EQ	INE209L01016
Justdial_Ltd.	Consumer_Services	JUSTDIAL	EQ	INE599M01018
Jyothy_Labs_Ltd.	Fast_Moving_Consumer_Goods	JYOTHYLAB	EQ	INE668F01031
K.P.R._Mill_Ltd.	Textiles	KPRMILL	EQ	INE930H01031
KEI_Industries_Ltd.	Capital_Goods	KEI	EQ	INE878B01027
KNR_Constructions_Ltd.	Construction	KNRCON	EQ	INE634I01029
KPIT_Technologies_Ltd.	Information_Technology	KPITTECH	EQ	INE04I401011
KRBL_Ltd.	Fast_Moving_Consumer_Goods	KRBL	EQ	INE001B01026
KSB_Ltd.	Capital_Goods	KSB	EQ	INE999A01023
Kajaria_Ceramics_Ltd.	Consumer_Durables	KAJARIACER	EQ	INE217B01036
Kalpataru_Projects_International_Ltd.	Construction	KPIL	EQ	INE220B01022
Kalyan_Jewellers_India_Ltd.	Consumer_Durables	KALYANKJIL	EQ	INE303R01014
Kansai_Nerolac_Paints_Ltd.	Consumer_Durables	KANSAINER	EQ	INE531A01024
Karur_Vysya_Bank_Ltd.	Financial_Services	KARURVYSYA	EQ	INE036D01028
Kaynes_Technology_India_Ltd.	Capital_Goods	KAYNES	EQ	INE918Z01012
Kec_International_Ltd.	Construction	KEC	EQ	INE389H01022
Kfin_Technologies_Ltd.	Financial_Services	KFINTECH	EQ	INE138Y01010
Kotak_Mahindra_Bank_Ltd.	Financial_Services	KOTAKBANK	EQ	INE237A01028
Krishna_Institute_of_Medical_Sciences_Ltd.	Healthcare	KIMS	EQ	INE967H01017
L&T_Finance_Ltd.	Financial_Services	LTF	EQ	INE498L01015
L&T_Technology_Services_Ltd.	Information_Technology	LTTS	EQ	INE010V01017
LIC_Housing_Finance_Ltd.	Financial_Services	LICHSGFIN	EQ	INE115A01026
LTIMindtree_Ltd.	Information_Technology	LTIM	EQ	INE214T01019
Larsen_&_Toubro_Ltd.	Construction	LT	EQ	INE018A01030
Latent_View_Analytics_Ltd.	Information_Technology	LATENTVIEW	EQ	INE0I7C01011
Laurus_Labs_Ltd.	Healthcare	LAURUSLABS	EQ	INE947Q01028
Laxmi_Organic_Industries_Ltd.	Chemicals	LXCHEM	EQ	INE576O01020
Lemon_Tree_Hotels_Ltd.	Consumer_Services	LEMONTREE	EQ	INE970X01018
Life_Insurance_Corporation_of_India	Financial_Services	LICI	EQ	INE0J1Y01017
Linde_India_Ltd.	Chemicals	LINDEINDIA	EQ	INE473A01011
Lloyds_Metals_And_Energy_Ltd.	Metals_&_Mining	LLOYDSME	EQ	INE281B01032
Lupin_Ltd.	Healthcare	LUPIN	EQ	INE326A01037
MMTC_Ltd.	Services	MMTC	EQ	INE123F01029
MRF_Ltd.	Automobile_and_Auto_Components	MRF	EQ	INE883A01011
MTAR_Technologies_Ltd.	Capital_Goods	MTARTECH	EQ	INE864I01014
Macrotech_Developers_Ltd.	Realty	LODHA	EQ	INE670K01029
Mahanagar_Gas_Ltd.	Oil_Gas_&_Consumable_Fuels	MGL	EQ	INE002S01010
Maharashtra_Seamless_Ltd.	Capital_Goods	MAHSEAMLES	EQ	INE271B01025
Mahindra_&_Mahindra_Financial_Services_Ltd.	Financial_Services	M&MFIN	EQ	INE774D01024
Mahindra_&_Mahindra_Ltd.	Automobile_and_Auto_Components	M&M	EQ	INE101A01026
Mahindra_Holidays_&_Resorts_India_Ltd.	Consumer_Services	MHRIL	EQ	INE998I01010
Mahindra_Lifespace_Developers_Ltd.	Realty	MAHLIFE	EQ	INE813A01018
Manappuram_Finance_Ltd.	Financial_Services	MANAPPURAM	EQ	INE522D01027
Mangalore_Refinery_&_Petrochemicals_Ltd.	Oil_Gas_&_Consumable_Fuels	MRPL	EQ	INE103A01014
Mankind_Pharma_Ltd.	Healthcare	MANKIND	EQ	INE634S01028
Marico_Ltd.	Fast_Moving_Consumer_Goods	MARICO	EQ	INE196A01026
Maruti_Suzuki_India_Ltd.	Automobile_and_Auto_Components	MARUTI	EQ	INE585B01010
Mastek_Ltd.	Information_Technology	MASTEK	EQ	INE759A01021
Max_Financial_Services_Ltd.	Financial_Services	MFSL	EQ	INE180A01020
Max_Healthcare_Institute_Ltd.	Healthcare	MAXHEALTH	EQ	INE027H01010
Mazagoan_Dock_Shipbuilders_Ltd.	Capital_Goods	MAZDOCK	EQ	INE249Z01012
Medplus_Health_Services_Ltd.	Consumer_Services	MEDPLUS	EQ	INE804L01022
Metro_Brands_Ltd.	Consumer_Durables	METROBRAND	EQ	INE317I01021
Metropolis_Healthcare_Ltd.	Healthcare	METROPOLIS	EQ	INE112L01020
Minda_Corporation_Ltd.	Automobile_and_Auto_Components	MINDACORP	EQ	INE842C01021
Motherson_Sumi_Wiring_India_Ltd.	Automobile_and_Auto_Components	MSUMI	EQ	INE0FS801015
Motilal_Oswal_Financial_Services_Ltd.	Financial_Services	MOTILALOFS	EQ	INE338I01027
MphasiS_Ltd.	Information_Technology	MPHASIS	EQ	INE356A01018
Multi_Commodity_Exchange_of_India_Ltd.	Financial_Services	MCX	EQ	INE745G01035
Muthoot_Finance_Ltd.	Financial_Services	MUTHOOTFIN	EQ	INE414G01012
NATCO_Pharma_Ltd.	Healthcare	NATCOPHARM	EQ	INE987B01026
NBCC_(India)_Ltd.	Construction	NBCC	EQ	INE095N01031
NCC_Ltd.	Construction	NCC	EQ	INE868B01028
NHPC_Ltd.	Power	NHPC	EQ	INE848E01016
NLC_India_Ltd.	Power	NLCINDIA	EQ	INE589A01014
NMDC_Ltd.	Metals_&_Mining	NMDC	EQ	INE584A01023
NMDC_Steel_Ltd.	Metals_&_Mining	NSLNISP	EQ	INE0NNS01018
NTPC_Ltd.	Power	NTPC	EQ	INE733E01010
Narayana_Hrudayalaya_Ltd.	Healthcare	NH	EQ	INE410P01011
National_Aluminium_Co._Ltd.	Metals_&_Mining	NATIONALUM	EQ	INE139A01034
Navin_Fluorine_International_Ltd.	Chemicals	NAVINFLUOR	EQ	INE048G01026
Nestle_India_Ltd.	Fast_Moving_Consumer_Goods	NESTLEIND	EQ	INE239A01024
Network18_Media_&_Investments_Ltd.	Media_Entertainment_&_Publication	NETWORK18	EQ	INE870H01013
Nippon_Life_India_Asset_Management_Ltd.	Financial_Services	NAM-INDIA	EQ	INE298J01013
Nuvama_Wealth_Management_Ltd.	Financial_Services	NUVAMA	EQ	INE531F01015
Nuvoco_Vistas_Corporation_Ltd.	Construction_Materials	NUVOCO	EQ	INE118D01016
Oberoi_Realty_Ltd.	Realty	OBEROIRLTY	EQ	INE093I01010
Oil_&_Natural_Gas_Corporation_Ltd.	Oil_Gas_&_Consumable_Fuels	ONGC	EQ	INE213A01029
Oil_India_Ltd.	Oil_Gas_&_Consumable_Fuels	OIL	EQ	INE274J01014
Olectra_Greentech_Ltd.	Automobile_and_Auto_Components	OLECTRA	EQ	INE260D01016
One_97_Communications_Ltd.	Financial_Services	PAYTM	EQ	INE982J01020
Oracle_Financial_Services_Software_Ltd.	Information_Technology	OFSS	EQ	INE881D01027
PB_Fintech_Ltd.	Financial_Services	POLICYBZR	EQ	INE417T01026
PCBL_Ltd.	Chemicals	PCBL	EQ	INE602A01031
PI_Industries_Ltd.	Chemicals	PIIND	EQ	INE603J01030
PNB_Housing_Finance_Ltd.	Financial_Services	PNBHOUSING	EQ	INE572E01012
PNC_Infratech_Ltd.	Construction	PNCINFRA	EQ	INE195J01029
PVR_INOX_Ltd.	Media_Entertainment_&_Publication	PVRINOX	EQ	INE191H01014
Page_Industries_Ltd.	Textiles	PAGEIND	EQ	INE761H01022
Patanjali_Foods_Ltd.	Fast_Moving_Consumer_Goods	PATANJALI	EQ	INE619A01035
Persistent_Systems_Ltd.	Information_Technology	PERSISTENT	EQ	INE262H01021
Petronet_LNG_Ltd.	Oil_Gas_&_Consumable_Fuels	PETRONET	EQ	INE347G01014
Phoenix_Mills_Ltd.	Realty	PHOENIXLTD	EQ	INE211B01039
Pidilite_Industries_Ltd.	Chemicals	PIDILITIND	EQ	INE318A01026
Piramal_Enterprises_Ltd.	Financial_Services	PEL	EQ	INE140A01024
Piramal_Pharma_Ltd.	Healthcare	PPLPHARMA	EQ	INE0DK501011
Poly_Medicure_Ltd.	Healthcare	POLYMED	EQ	INE205C01021
Polycab_India_Ltd.	Capital_Goods	POLYCAB	EQ	INE455K01017
Poonawalla_Fincorp_Ltd.	Financial_Services	POONAWALLA	EQ	INE511C01022
Power_Finance_Corporation_Ltd.	Financial_Services	PFC	EQ	INE134E01011
Power_Grid_Corporation_of_India_Ltd.	Power	POWERGRID	EQ	INE752E01010
Praj_Industries_Ltd.	Capital_Goods	PRAJIND	EQ	INE074A01025
Prestige_Estates_Projects_Ltd.	Realty	PRESTIGE	EQ	INE811K01011
Prince_Pipes_and_Fittings_Ltd.	Capital_Goods	PRINCEPIPE	EQ	INE689W01016
Prism_Johnson_Ltd.	Construction_Materials	PRSMJOHNSN	EQ	INE010A01011
Procter_&_Gamble_Hygiene_&_Health_Care_Ltd.	Fast_Moving_Consumer_Goods	PGHH	EQ	INE179A01014
Punjab_National_Bank	Financial_Services	PNB	EQ	INE160A01022
Quess_Corp_Ltd.	Services	QUESS	EQ	INE615P01015
R_R_Kabel_Ltd.	Capital_Goods	RRKABEL	EQ	INE777K01022
RBL_Bank_Ltd.	Financial_Services	RBLBANK	EQ	INE976G01028
REC_Ltd.	Financial_Services	RECLTD	EQ	INE020B01018
RHI_MAGNESITA_INDIA_LTD.	Capital_Goods	RHIM	EQ	INE743M01012
RITES_Ltd.	Construction	RITES	EQ	INE320J01015
Radico_Khaitan_Ltd	Fast_Moving_Consumer_Goods	RADICO	EQ	INE944F01028
Rail_Vikas_Nigam_Ltd.	Construction	RVNL	EQ	INE415G01027
Railtel_Corporation_Of_India_Ltd.	Telecommunication	RAILTEL	EQ	INE0DD101019
Rainbow_Childrens_Medicare_Ltd.	Healthcare	RAINBOW	EQ	INE961O01016
Rajesh_Exports_Ltd.	Consumer_Durables	RAJESHEXPO	EQ	INE343B01030
Ramkrishna_Forgings_Ltd.	Automobile_and_Auto_Components	RKFORGE	EQ	INE399G01023
Rashtriya_Chemicals_&_Fertilizers_Ltd.	Chemicals	RCF	EQ	INE027A01015
Ratnamani_Metals_&_Tubes_Ltd.	Capital_Goods	RATNAMANI	EQ	INE703B01027
RattanIndia_Enterprises_Ltd.	Consumer_Services	RTNINDIA	EQ	INE834M01019
Raymond_Ltd.	Realty	RAYMOND	EQ	INE301A01014
Redington_Ltd.	Services	REDINGTON	EQ	INE891D01026
Reliance_Industries_Ltd.	Oil_Gas_&_Consumable_Fuels	RELIANCE	EQ	INE002A01018
Restaurant_Brands_Asia_Ltd.	Consumer_Services	RBA	EQ	INE07T201019
Route_Mobile_Ltd.	Telecommunication	ROUTE	EQ	INE450U01017
SBFC_Finance_Ltd.	Financial_Services	SBFC	EQ	INE423Y01016
SBI_Cards_and_Payment_Services_Ltd.	Financial_Services	SBICARD	EQ	INE018E01016
SBI_Life_Insurance_Company_Ltd.	Financial_Services	SBILIFE	EQ	INE123W01016
SJVN_Ltd.	Power	SJVN	EQ	INE002L01015
SKF_India_Ltd.	Capital_Goods	SKFINDIA	EQ	INE640A01023
SRF_Ltd.	Chemicals	SRF	EQ	INE647A01010
Safari_Industries_(India)_Ltd.	Consumer_Durables	SAFARI	EQ	INE429E01023
Sammaan_Capital_Ltd.	Financial_Services	SAMMAANCAP	EQ	INE148I01020
Samvardhana_Motherson_International_Ltd.	Automobile_and_Auto_Components	MOTHERSON	EQ	INE775A01035
Sanofi_India_Ltd.	Healthcare	SANOFI	EQ	INE058A01010
Sapphire_Foods_India_Ltd.	Consumer_Services	SAPPHIRE	EQ	INE806T01012
Saregama_India_Ltd	Media_Entertainment_&_Publication	SAREGAMA	EQ	INE979A01025
Schaeffler_India_Ltd.	Automobile_and_Auto_Components	SCHAEFFLER	EQ	INE513A01022
Schneider_Electric_Infrastructure_Ltd.	Capital_Goods	SCHNEIDER	EQ	INE839M01018
Shree_Cement_Ltd.	Construction_Materials	SHREECEM	EQ	INE070A01015
Shree_Renuka_Sugars_Ltd.	Fast_Moving_Consumer_Goods	RENUKA	EQ	INE087H01022
Shriram_Finance_Ltd.	Financial_Services	SHRIRAMFIN	EQ	INE721A01013
Shyam_Metalics_and_Energy_Ltd.	Capital_Goods	SHYAMMETL	EQ	INE810G01011
Siemens_Ltd.	Capital_Goods	SIEMENS	EQ	INE003A01024
Signatureglobal_(India)_Ltd.	Realty	SIGNATURE	EQ	INE903U01023
Sobha_Ltd.	Realty	SOBHA	EQ	INE671H01015
Solar_Industries_India_Ltd.	Chemicals	SOLARINDS	EQ	INE343H01029
Sona_BLW_Precision_Forgings_Ltd.	Automobile_and_Auto_Components	SONACOMS	EQ	INE073K01018
Sonata_Software_Ltd.	Information_Technology	SONATSOFTW	EQ	INE269A01021
Star_Health_and_Allied_Insurance_Company_Ltd.	Financial_Services	STARHEALTH	EQ	INE575P01011
State_Bank_of_India	Financial_Services	SBIN	EQ	INE062A01020
Steel_Authority_of_India_Ltd.	Metals_&_Mining	SAIL	EQ	INE114A01011
Sterling_and_Wilson_Renewable_Energy_Ltd.	Construction	SWSOLAR	EQ	INE00M201021
Sterlite_Technologies_Ltd.	Telecommunication	STLTECH	EQ	INE089C01029
Sumitomo_Chemical_India_Ltd.	Chemicals	SUMICHEM	EQ	INE258G01013
Sun_Pharma_Advanced_Research_Company_Ltd.	Healthcare	SPARC	EQ	INE232I01014
Sun_Pharmaceutical_Industries_Ltd.	Healthcare	SUNPHARMA	EQ	INE044A01036
Sun_TV_Network_Ltd.	Media_Entertainment_&_Publication	SUNTV	EQ	INE424H01027
Sundaram_Finance_Ltd.	Financial_Services	SUNDARMFIN	EQ	INE660A01013
Sundram_Fasteners_Ltd.	Automobile_and_Auto_Components	SUNDRMFAST	EQ	INE387A01021
Sunteck_Realty_Ltd.	Realty	SUNTECK	EQ	INE805D01034
Supreme_Industries_Ltd.	Capital_Goods	SUPREMEIND	EQ	INE195A01028
Suven_Pharmaceuticals_Ltd.	Healthcare	SUVENPHAR	EQ	INE03QK01018
Suzlon_Energy_Ltd.	Capital_Goods	SUZLON	EQ	INE040H01021
Swan_Energy_Ltd.	Diversified	SWANENERGY	EQ	INE665A01038
Syngene_International_Ltd.	Healthcare	SYNGENE	EQ	INE398R01022
Syrma_SGS_Technology_Ltd.	Capital_Goods	SYRMA	EQ	INE0DYJ01015
TV18_Broadcast_Ltd.	Media_Entertainment_&_Publication	TV18BRDCST	EQ	INE886H01027
TVS_Motor_Company_Ltd.	Automobile_and_Auto_Components	TVSMOTOR	EQ	INE494B01023
TVS_Supply_Chain_Solutions_Ltd.	Services	TVSSCS	EQ	INE395N01027
Tamilnad_Mercantile_Bank_Ltd.	Financial_Services	TMB	EQ	INE668A01016
Tanla_Platforms_Ltd.	Information_Technology	TANLA	EQ	INE483C01032
Tata_Chemicals_Ltd.	Chemicals	TATACHEM	EQ	INE092A01019
Tata_Communications_Ltd.	Telecommunication	TATACOMM	EQ	INE151A01013
Tata_Consultancy_Services_Ltd.	Information_Technology	TCS	EQ	INE467B01029
Tata_Consumer_Products_Ltd.	Fast_Moving_Consumer_Goods	TATACONSUM	EQ	INE192A01025
Tata_Elxsi_Ltd.	Information_Technology	TATAELXSI	EQ	INE670A01012
Tata_Investment_Corporation_Ltd.	Financial_Services	TATAINVEST	EQ	INE672A01018
Tata_Motors_Ltd_DVR	Automobile_and_Auto_Components	TATAMTRDVR	EQ	IN9155A01020
Tata_Motors_Ltd.	Automobile_and_Auto_Components	TATAMOTORS	EQ	INE155A01022
Tata_Power_Co._Ltd.	Power	TATAPOWER	EQ	INE245A01021
Tata_Steel_Ltd.	Metals_&_Mining	TATASTEEL	EQ	INE081A01020
Tata_Technologies_Ltd.	Information_Technology	TATATECH	EQ	INE142M01025
Tata_Teleservices_(Maharashtra)_Ltd.	Telecommunication	TTML	EQ	INE517B01013
Tech_Mahindra_Ltd.	Information_Technology	TECHM	EQ	INE669C01036
Tejas_Networks_Ltd.	Telecommunication	TEJASNET	EQ	INE010J01012
The_New_India_Assurance_Company_Ltd.	Financial_Services	NIACL	EQ	INE470Y01017
The_Ramco_Cements_Ltd.	Construction_Materials	RAMCOCEM	EQ	INE331A01037
Thermax_Ltd.	Capital_Goods	THERMAX	EQ	INE152A01029
Timken_India_Ltd.	Capital_Goods	TIMKEN	EQ	INE325A01013
Titagarh_Rail_Systems_Ltd.	Capital_Goods	TITAGARH	EQ	INE615H01020
Titan_Company_Ltd.	Consumer_Durables	TITAN	EQ	INE280A01028
Torrent_Pharmaceuticals_Ltd.	Healthcare	TORNTPHARM	EQ	INE685A01028
Torrent_Power_Ltd.	Power	TORNTPOWER	EQ	INE813H01021
Trent_Ltd.	Consumer_Services	TRENT	EQ	INE849A01020
Trident_Ltd.	Textiles	TRIDENT	EQ	INE064C01022
Triveni_Engineering_&_Industries_Ltd.	Fast_Moving_Consumer_Goods	TRIVENI	EQ	INE256C01024
Triveni_Turbine_Ltd.	Capital_Goods	TRITURBINE	EQ	INE152M01016
Tube_Investments_of_India_Ltd.	Automobile_and_Auto_Components	TIINDIA	EQ	INE974X01010
UCO_Bank	Financial_Services	UCOBANK	EQ	INE691A01018
UNO_Minda_Ltd.	Automobile_and_Auto_Components	UNOMINDA	EQ	INE405E01023
UPL_Ltd.	Chemicals	UPL	EQ	INE628A01036
UTI_Asset_Management_Company_Ltd.	Financial_Services	UTIAMC	EQ	INE094J01016
Ujjivan_Small_Finance_Bank_Ltd.	Financial_Services	UJJIVANSFB	EQ	INE551W01018
UltraTech_Cement_Ltd.	Construction_Materials	ULTRACEMCO	EQ	INE481G01011
Union_Bank_of_India	Financial_Services	UNIONBANK	EQ	INE692A01016
United_Breweries_Ltd.	Fast_Moving_Consumer_Goods	UBL	EQ	INE686F01025
United_Spirits_Ltd.	Fast_Moving_Consumer_Goods	UNITDSPR	EQ	INE854D01024
Usha_Martin_Ltd.	Capital_Goods	USHAMART	EQ	INE228A01035
V-Guard_Industries_Ltd.	Consumer_Durables	VGUARD	EQ	INE951I01027
V.I.P._Industries_Ltd.	Consumer_Durables	VIPIND	EQ	INE054A01027
Vaibhav_Global_Ltd.	Consumer_Durables	VAIBHAVGBL	EQ	INE884A01027
Vardhman_Textiles_Ltd.	Textiles	VTL	EQ	INE825A01020
Varroc_Engineering_Ltd.	Automobile_and_Auto_Components	VARROC	EQ	INE665L01035
Varun_Beverages_Ltd.	Fast_Moving_Consumer_Goods	VBL	EQ	INE200M01021
Vedant_Fashions_Ltd.	Consumer_Services	MANYAVAR	EQ	INE825V01034
Vedanta_Ltd.	Metals_&_Mining	VEDL	EQ	INE205A01025
Vijaya_Diagnostic_Centre_Ltd.	Healthcare	VIJAYA	EQ	INE043W01024
Vodafone_Idea_Ltd.	Telecommunication	IDEA	EQ	INE669E01016
Voltas_Ltd.	Consumer_Durables	VOLTAS	EQ	INE226A01021
Welspun_Corp_Ltd.	Capital_Goods	WELCORP	EQ	INE191B01025
Welspun_Living_Ltd.	Textiles	WELSPUNLIV	EQ	INE192B01031
Westlife_Foodworld_Ltd.	Consumer_Services	WESTLIFE	EQ	INE274F01020
Whirlpool_of_India_Ltd.	Consumer_Durables	WHIRLPOOL	EQ	INE716A01013
Wipro_Ltd.	Information_Technology	WIPRO	EQ	INE075A01022
Yes_Bank_Ltd.	Financial_Services	YESBANK	EQ	INE528G01035
ZF_Commercial_Vehicle_Control_Systems_India_Ltd.	Automobile_and_Auto_Components	ZFCVINDIA	EQ	INE342J01019
Zee_Entertainment_Enterprises_Ltd.	Media_Entertainment_&_Publication	ZEEL	EQ	INE256A01028
Zensar_Technolgies_Ltd.	Information_Technology	ZENSARTECH	EQ	INE520A01027
Zomato_Ltd.	Consumer_Services	ZOMATO	EQ	INE758T01015
Zydus_Lifesciences_Ltd.	Healthcare	ZYDUSLIFE	EQ	INE010B01027
eClerx_Services_Ltd.	Services	ECLERX	EQ	INE738I01010